TW_ID,MV_ID
21801,5501
21802,5501
21803,5501
21804,5501
21805,5501
21806,5501
21807,5501
21808,5501
21809,5501
21810,5501
21811,5501
21812,5502
21813,5502
21814,5502
21815,5502
21816,5502
21817,5502
21818,5502
21819,5502
21820,5502
21821,5502
21822,5502
21823,5502
21824,5502
21825,5502
21826,5502
21827,5502
21828,5502
21829,5502
21830,5502
21831,5502
21832,5502
21833,5502
21834,5502
21835,5502
21836,5502
21837,5502
21838,5502
21839,5502
21840,5502
21841,5502
21842,5502
21843,5502
21844,5502
21845,5502
21846,5502
21847,5502
21848,5502
21849,5502
21850,5502
21851,5502
21852,5502
21853,5502
21854,5502
21855,5502
21856,5502
21857,5502
21858,5502
21859,5502
21860,5502
21861,5502
21862,5502
21863,5502
21864,5502
21865,5502
21866,5502
21867,5502
21868,5502
21869,5502
21870,5502
21871,5502
21872,5502
21873,5502
21874,5502
21875,5502
21876,5502
21877,5502
21878,5502
21879,5502
21880,5502
21881,5502
21882,5502
21883,5502
21884,5502
21885,5502
21886,5502
21887,5502
21888,5502
21889,5502
21890,5502
21891,5502
21892,5502
21893,5502
21894,5502
21895,5502
21896,5502
21897,5502
21898,5502
21899,5502
21900,5502
21901,5503
21902,5503
21903,5503
21904,5503
21905,5503
21906,5503
21907,5503
21908,5503
21909,5503
21910,5503
21911,5503
21912,5503
21913,5503
21914,5503
21915,5503
21916,5503
21917,5503
21918,5503
21919,5503
21920,5503
21921,5503
21922,5503
21923,5503
21924,5503
21925,5503
21926,5503
21927,5503
21928,5503
21929,5503
21930,5503
21931,5503
21932,5503
21933,5503
21934,5503
21935,5503
21936,5503
21937,5503
21938,5503
21939,5503
21940,5503
21941,5503
21942,5503
21943,5503
21944,5503
21945,5503
21946,5503
21947,5503
21948,5503
21949,5503
21950,5503
21951,5503
21952,5503
21953,5503
21954,5503
21955,5503
21956,5503
21957,5503
21958,5503
21959,5503
21960,5503
21961,5503
21962,5503
21963,5503
21964,5503
21965,5503
21966,5503
21967,5503
21968,5503
21969,5503
21970,5503
21971,5503
21972,5503
21973,5503
21974,5503
21975,5503
21976,5503
21977,5503
21978,5503
21979,5503
21980,5503
21981,5503
21982,5503
21983,5503
21984,5503
21985,5503
21986,5503
21987,5503
21988,5503
21989,5503
21990,5503
21991,5503
21992,5503
21993,5503
21994,5503
21995,5503
21996,5503
21997,5503
21998,5503
21999,5503
22000,5503
22001,5504
22002,5504
22003,5504
22004,5504
22005,5504
22006,5504
22007,5504
22008,5504
22009,5504
22010,5504
22011,5504
22012,5504
22013,5504
22014,5504
22015,5504
22016,5504
22017,5504
22018,5504
22019,5504
22020,5504
22021,5504
22022,5504
22023,5504
22024,5504
22025,5504
22026,5504
22027,5504
22028,5504
22029,5504
22030,5504
22031,5504
22032,5504
22033,5504
22034,5504
22035,5504
22036,5504
22037,5504
22038,5504
22039,5504
22040,5504
22041,5504
22042,5504
22043,5504
22044,5504
22045,5504
22046,5504
22047,5504
22048,5504
22049,5504
22050,5504
22051,5504
22052,5504
22053,5504
22054,5504
22055,5504
22056,5504
22057,5504
22058,5504
22059,5504
22060,5504
22061,5504
22062,5504
22063,5504
22064,5504
22065,5504
22066,5504
22067,5504
22068,5504
22069,5504
22070,5504
22071,5504
22072,5504
22073,5504
22074,5504
22075,5504
22076,5504
22077,5504
22078,5504
22079,5504
22080,5504
22081,5504
22082,5504
22083,5504
22084,5504
22085,5505
22086,5505
22087,5505
22088,5505
22089,5505
22090,5505
22091,5505
22092,5505
22093,5505
22094,5505
22095,5505
22096,5505
22097,5505
22098,5505
22099,5505
22100,5505
22101,5505
22102,5505
22103,5505
22104,5505
22105,5505
22106,5505
22107,5505
22108,5505
22109,5505
22110,5505
22111,5505
22112,5505
22113,5505
22114,5505
22115,5505
22116,5505
22117,5505
22118,5505
22119,5505
22120,5505
22121,5505
22122,5505
22123,5505
22124,5505
22125,5505
22126,5505
22127,5505
22128,5505
22129,5505
22130,5505
22131,5505
22132,5505
22133,5505
22134,5505
22135,5505
22136,5505
22137,5505
22138,5505
22139,5505
22140,5505
22141,5505
22142,5505
22143,5505
22144,5505
22145,5505
22146,5505
22147,5505
22148,5505
22149,5505
22150,5505
22151,5505
22152,5505
22153,5505
22154,5505
22155,5505
22156,5505
22157,5505
22158,5505
22159,5505
22160,5505
22161,5505
22162,5505
22163,5505
22164,5505
22165,5505
22166,5505
22167,5505
22168,5505
22169,5505
22170,5505
22171,5505
22172,5505
22173,5505
22174,5505
22175,5506
22176,5506
22177,5506
22178,5506
22179,5506
22180,5506
22181,5506
22182,5506
22183,5506
22184,5506
22185,5506
22186,5506
22187,5506
22188,5506
22189,5506
22190,5506
22191,5506
22192,5506
22193,5506
22194,5506
22195,5506
22196,5506
22197,5506
22198,5506
22199,5506
22200,5506
22201,5506
22202,5506
22203,5506
22204,5506
22205,5506
22206,5506
22207,5506
22208,5506
22209,5506
22210,5506
22211,5506
22212,5506
22213,5506
22214,5506
22215,5506
22216,5506
22217,5506
22218,5506
22219,5506
22220,5506
22221,5506
22222,5506
22223,5506
22224,5506
22225,5506
22226,5506
22227,5506
22228,5506
22229,5506
22230,5506
22231,5506
22232,5506
22233,5506
22234,5506
22235,5506
22236,5506
22237,5506
22238,5506
22239,5506
22240,5507
22241,5507
22242,5507
22243,5507
22244,5507
22245,5507
22246,5507
22247,5507
22248,5507
22249,5507
22250,5507
22251,5507
22252,5507
22253,5507
22254,5507
22255,5507
22256,5507
22257,5507
22258,5507
22259,5507
22260,5507
22261,5507
22262,5507
22263,5507
22264,5507
22265,5507
22266,5507
22267,5507
22268,5507
22269,5507
22270,5508
22271,5508
22272,5508
22273,5508
22274,5508
22275,5508
22276,5508
22277,5508
22278,5508
22279,5508
22280,5508
22281,5508
22282,5508
22283,5508
22284,5508
22285,5508
22286,5508
22287,5508
22288,5508
22289,5508
22290,5508
22291,5508
22292,5508
22293,5508
22294,5508
22295,5508
22296,5508
22297,5508
22298,5508
22299,5508
22300,5508
22301,5508
22302,5508
22303,5508
22304,5508
22305,5508
22306,5508
22307,5508
22308,5508
22309,5508
22310,5508
22311,5508
22312,5508
22313,5508
22314,5508
22315,5508
22316,5508
22317,5508
22318,5508
22319,5508
22320,5508
22321,5508
22322,5508
22323,5508
22324,5508
22325,5508
22326,5508
22327,5508
22328,5508
22329,5508
22330,5508
22331,5508
22332,5508
22333,5508
22334,5508
22335,5508
22336,5508
22337,5508
22338,5508
22339,5508
22340,5508
22341,5508
22342,5508
22343,5508
22344,5508
22345,5508
22346,5508
22347,5508
22348,5508
22349,5508
22350,5508
22351,5508
22352,5508
22353,5508
22354,5508
22355,5508
22356,5508
22357,5508
22358,5508
22359,5508
22360,5508
22361,5508
22362,5508
22363,5508
22364,5508
22365,5508
22366,5508
22367,5508
22368,5508
22369,5509
22370,5509
22371,5509
22372,5509
22373,5509
22374,5509
22375,5509
22376,5509
22377,5509
22378,5509
22379,5509
22380,5509
22381,5509
22382,5509
22383,5510
22384,5510
22385,5510
22386,5510
22387,5510
22388,5510
22389,5510
22390,5510
22391,5510
22392,5510
22393,5510
22394,5510
22395,5510
22396,5510
22397,5510
22398,5510
22399,5510
22400,5510
22401,5510
22402,5510
22403,5510
22404,5510
22405,5510
22406,5510
22407,5510
22408,5510
22409,5510
22410,5510
22411,5510
22412,5510
22413,5510
22414,5510
22415,5510
22416,5510
22417,5510
22418,5510
22419,5510
22420,5510
22421,5510
22422,5510
22423,5510
22424,5510
22425,5510
22426,5510
22427,5510
22428,5510
22429,5510
22430,5510
22431,5510
22432,5510
22433,5510
22434,5510
22435,5510
22436,5510
22437,5510
22438,5510
22439,5510
22440,5510
22441,5510
22442,5510
22443,5510
22444,5510
22445,5510
22446,5510
22447,5510
22448,5510
22449,5510
22450,5510
22451,5510
22452,5510
22453,5510
22454,5510
22455,5510
22456,5510
22457,5510
22458,5510
22459,5510
22460,5510
22461,5510
22462,5510
22463,5510
22464,5510
22465,5510
22466,5510
22467,5510
22468,5510
22469,5510
22470,5510
22471,5510
22472,5510
22473,5510
22474,5510
22475,5510
22476,5510
22477,5510
22478,5510
22479,5510
22480,5510
22481,5510
22482,5510
22483,5511
22484,5511
22485,5511
22486,5511
22487,5511
22488,5511
22489,5511
22490,5511
22491,5511
22492,5511
22493,5511
22494,5511
22495,5511
22496,5511
22497,5511
22498,5511
22499,5511
22500,5511
22501,5511
22502,5511
22503,5511
22504,5511
22505,5511
22506,5511
22507,5511
22508,5511
22509,5511
22510,5511
22511,5511
22512,5511
22513,5511
22514,5511
22515,5511
22516,5511
22517,5511
22518,5511
22519,5511
22520,5511
22521,5511
22522,5511
22523,5511
22524,5511
22525,5511
22526,5511
22527,5511
22528,5511
22529,5511
22530,5511
22531,5511
22532,5511
22533,5511
22534,5511
22535,5511
22536,5511
22537,5511
22538,5511
22539,5511
22540,5511
22541,5511
22542,5511
22543,5511
22544,5511
22545,5511
22546,5511
22547,5511
22548,5511
22549,5511
22550,5511
22551,5511
22552,5511
22553,5511
22554,5511
22555,5511
22556,5511
22557,5511
22558,5511
22559,5511
22560,5511
22561,5511
22562,5511
22563,5511
22564,5511
22565,5511
22566,5511
22567,5511
22568,5511
22569,5511
22570,5511
22571,5511
22572,5511
22573,5511
22574,5511
22575,5511
22576,5511
22577,5511
22578,5511
22579,5511
22580,5511
22581,5511
22582,5511
22583,5512
22584,5512
22585,5512
22586,5512
22587,5512
22588,5512
22589,5512
22590,5513
22591,5513
22592,5513
22593,5513
22594,5513
22595,5513
22596,5513
22597,5513
22598,5513
22599,5513
22600,5513
22601,5513
22602,5513
22603,5513
22604,5513
22605,5513
22606,5513
22607,5513
22608,5513
22609,5513
22610,5513
22611,5513
22612,5513
22613,5513
22614,5513
22615,5513
22616,5513
22617,5513
22618,5513
22619,5513
22620,5513
22621,5513
22622,5513
22623,5513
22624,5513
22625,5513
22626,5513
22627,5513
22628,5513
22629,5513
22630,5513
22631,5513
22632,5513
22633,5513
22634,5513
22635,5513
22636,5513
22637,5513
22638,5513
22639,5513
22640,5513
22641,5513
22642,5513
22643,5513
22644,5513
22645,5513
22646,5513
22647,5513
22648,5513
22649,5513
22650,5513
22651,5513
22652,5513
22653,5513
22654,5513
22655,5513
22656,5513
22657,5513
22658,5513
22659,5513
22660,5513
22661,5513
22662,5513
22663,5513
22664,5513
22665,5513
22666,5513
22667,5513
22668,5513
22669,5513
22670,5513
22671,5513
22672,5513
22673,5513
22674,5513
22675,5513
22676,5513
22677,5513
22678,5513
22679,5513
22680,5513
22681,5513
22682,5513
22683,5513
22684,5513
22685,5513
22686,5513
22687,5513
22688,5513
22689,5513
22690,5514
22691,5514
22692,5514
22693,5514
22694,5514
22695,5514
22696,5514
22697,5514
22698,5514
22699,5514
22700,5514
22701,5514
22702,5514
22703,5514
22704,5514
22705,5514
22706,5514
22707,5514
22708,5514
22709,5514
22710,5514
22711,5514
22712,5514
22713,5514
22714,5514
22715,5514
22716,5514
22717,5514
22718,5514
22719,5514
22720,5514
22721,5514
22722,5514
22723,5514
22724,5514
22725,5514
22726,5514
22727,5514
22728,5514
22729,5514
22730,5514
22731,5514
22732,5514
22733,5514
22734,5514
22735,5514
22736,5514
22737,5514
22738,5514
22739,5514
22740,5514
22741,5514
22742,5514
22743,5514
22744,5514
22745,5514
22746,5514
22747,5514
22748,5514
22749,5514
22750,5514
22751,5514
22752,5514
22753,5514
22754,5514
22755,5514
22756,5514
22757,5514
22758,5514
22759,5514
22760,5514
22761,5514
22762,5514
22763,5514
22764,5514
22765,5514
22766,5514
22767,5514
22768,5514
22769,5514
22770,5514
22771,5514
22772,5514
22773,5514
22774,5514
22775,5514
22776,5514
22777,5514
22778,5514
22779,5514
22780,5514
22781,5514
22782,5514
22783,5514
22784,5514
22785,5514
22786,5514
22787,5514
22788,5514
22789,5514
22790,5515
22791,5515
22792,5515
22793,5515
22794,5515
22795,5515
22796,5515
22797,5515
22798,5515
22799,5515
22800,5515
22801,5515
22802,5515
22803,5515
22804,5515
22805,5515
22806,5515
22807,5515
22808,5515
22809,5515
22810,5515
22811,5515
22812,5515
22813,5515
22814,5515
22815,5515
22816,5515
22817,5515
22818,5515
22819,5515
22820,5515
22821,5515
22822,5515
22823,5515
22824,5515
22825,5516
22826,5516
22827,5516
22828,5516
22829,5516
22830,5516
22831,5516
22832,5516
22833,5516
22834,5516
22835,5516
22836,5516
22837,5516
22838,5516
22839,5516
22840,5516
22841,5516
22842,5516
22843,5516
22844,5516
22845,5516
22846,5516
22847,5516
22848,5516
22849,5516
22850,5516
22851,5516
22852,5516
22853,5516
22854,5516
22855,5516
22856,5516
22857,5516
22858,5516
22859,5516
22860,5516
22861,5516
22862,5516
22863,5516
22864,5516
22865,5516
22866,5516
22867,5516
22868,5516
22869,5516
22870,5516
22871,5516
22872,5516
22873,5516
22874,5516
22875,5516
22876,5516
22877,5516
22878,5516
22879,5516
22880,5516
22881,5516
22882,5516
22883,5516
22884,5516
22885,5516
22886,5516
22887,5516
22888,5516
22889,5516
22890,5516
22891,5516
22892,5516
22893,5516
22894,5516
22895,5516
22896,5516
22897,5516
22898,5516
22899,5516
22900,5516
22901,5516
22902,5516
22903,5516
22904,5516
22905,5516
22906,5516
22907,5516
22908,5516
22909,5516
22910,5516
22911,5516
22912,5516
22913,5516
22914,5516
22915,5516
22916,5516
22917,5516
22918,5516
22919,5516
22920,5516
22921,5516
22922,5516
22923,5516
22924,5516
22925,5517
22926,5517
22927,5517
22928,5517
22929,5517
22930,5517
22931,5517
22932,5517
22933,5517
22934,5517
22935,5517
22936,5517
22937,5517
22938,5517
22939,5517
22940,5517
22941,5517
22942,5517
22943,5517
22944,5517
22945,5517
22946,5517
22947,5517
22948,5517
22949,5517
22950,5517
22951,5517
22952,5517
22953,5517
22954,5517
22955,5517
22956,5517
22957,5517
22958,5517
22959,5517
22960,5517
22961,5517
22962,5517
22963,5517
22964,5517
22965,5517
22966,5517
22967,5517
22968,5517
22969,5517
22970,5517
22971,5517
22972,5517
22973,5517
22974,5517
22975,5517
22976,5517
22977,5517
22978,5517
22979,5517
22980,5517
22981,5517
22982,5517
22983,5517
22984,5517
22985,5517
22986,5517
22987,5517
22988,5517
22989,5517
22990,5517
22991,5517
22992,5517
22993,5518
22994,5518
22995,5518
22996,5518
22997,5518
22998,5518
22999,5518
23000,5518
23001,5518
23002,5518
23003,5518
23004,5518
23005,5518
23006,5518
23007,5518
23008,5518
23009,5518
23010,5518
23011,5518
23012,5518
23013,5518
23014,5518
23015,5518
23016,5518
23017,5518
23018,5518
23019,5518
23020,5518
23021,5518
23022,5518
23023,5518
23024,5518
23025,5518
23026,5518
23027,5518
23028,5518
23029,5518
23030,5518
23031,5518
23032,5518
23033,5518
23034,5518
23035,5518
23036,5518
23037,5518
23038,5518
23039,5518
23040,5518
23041,5518
23042,5518
23043,5518
23044,5518
23045,5518
23046,5518
23047,5518
23048,5518
23049,5518
23050,5518
23051,5518
23052,5518
23053,5518
23054,5518
23055,5518
23056,5518
23057,5518
23058,5518
23059,5518
23060,5518
23061,5518
23062,5518
23063,5518
23064,5518
23065,5518
23066,5518
23067,5518
23068,5518
23069,5518
23070,5518
23071,5518
23072,5518
23073,5518
23074,5518
23075,5519
23076,5519
23077,5519
23078,5519
23079,5519
23080,5519
23081,5519
23082,5519
23083,5519
23084,5519
23085,5519
23086,5519
23087,5519
23088,5519
23089,5519
23090,5519
23091,5519
23092,5519
23093,5519
23094,5519
23095,5519
23096,5519
23097,5519
23098,5519
23099,5519
23100,5519
23101,5519
23102,5519
23103,5519
23104,5519
23105,5519
23106,5519
23107,5519
23108,5519
23109,5519
23110,5519
23111,5519
23112,5519
23113,5519
23114,5519
23115,5519
23116,5519
23117,5519
23118,5519
23119,5519
23120,5519
23121,5519
23122,5519
23123,5519
23124,5519
23125,5519
23126,5519
23127,5519
23128,5519
23129,5519
23130,5519
23131,5519
23132,5519
23133,5519
23134,5519
23135,5519
23136,5519
23137,5519
23138,5519
23139,5519
23140,5519
23141,5519
23142,5519
23143,5519
23144,5519
23145,5519
23146,5519
23147,5519
23148,5519
23149,5519
23150,5519
23151,5519
23152,5519
23153,5520
23154,5520
23155,5520
23156,5520
23157,5520
23158,5520
23159,5520
23160,5520
23161,5520
23162,5520
23163,5520
23164,5520
23165,5520
23166,5520
23167,5520
23168,5520
23169,5520
23170,5520
23171,5520
23172,5520
23173,5520
23174,5520
23175,5520
23176,5520
23177,5520
23178,5520
23179,5520
23180,5520
23181,5520
23182,5520
23183,5520
23184,5520
23185,5520
23186,5520
23187,5520
23188,5520
23189,5520
23190,5520
23191,5520
23192,5520
23193,5520
23194,5520
23195,5520
23196,5520
23197,5520
23198,5520
23199,5520
23200,5520
23201,5520
23202,5520
23203,5520
23204,5520
23205,5520
23206,5520
23207,5520
23208,5520
23209,5520
23210,5520
23211,5520
23212,5520
23213,5520
23214,5520
23215,5520
23216,5520
23217,5520
23218,5520
23219,5520
23220,5520
23221,5520
23222,5520
23223,5520
23224,5520
23225,5520
23226,5520
23227,5520
23228,5520
23229,5520
23230,5520
23231,5520
23232,5520
23233,5520
23234,5520
23235,5520
23236,5520
23237,5521
23238,5521
23239,5521
23240,5521
23241,5521
23242,5521
23243,5521
23244,5521
23245,5521
23246,5521
23247,5521
23248,5521
23249,5521
23250,5521
23251,5521
23252,5521
23253,5521
23254,5521
23255,5521
23256,5521
23257,5521
23258,5521
23259,5522
23260,5522
23261,5522
23262,5522
23263,5522
23264,5523
23265,5523
23266,5523
23267,5523
23268,5523
23269,5523
23270,5523
23271,5523
23272,5523
23273,5523
23274,5523
23275,5523
23276,5523
23277,5523
23278,5523
23279,5523
23280,5523
23281,5523
23282,5523
23283,5523
23284,5523
23285,5523
23286,5523
23287,5523
23288,5523
23289,5523
23290,5523
23291,5523
23292,5523
23293,5523
23294,5523
23295,5523
23296,5523
23297,5523
23298,5523
23299,5523
23300,5523
23301,5523
23302,5523
23303,5523
23304,5523
23305,5523
23306,5523
23307,5523
23308,5523
23309,5523
23310,5523
23311,5523
23312,5523
23313,5523
23314,5523
23315,5523
23316,5523
23317,5523
23318,5523
23319,5523
23320,5523
23321,5523
23322,5523
23323,5523
23324,5523
23325,5523
23326,5523
23327,5523
23328,5523
23329,5523
23330,5523
23331,5523
23332,5523
23333,5523
23334,5523
23335,5523
23336,5523
23337,5523
23338,5523
23339,5523
23340,5523
23341,5523
23342,5523
23343,5523
23344,5523
23345,5523
23346,5523
23347,5523
23348,5523
23349,5523
23350,5523
23351,5523
23352,5523
23353,5523
23354,5524
23355,5524
23356,5524
23357,5524
23358,5524
23359,5524
23360,5524
23361,5524
23362,5524
23363,5524
23364,5524
23365,5524
23366,5524
23367,5524
23368,5524
23369,5524
23370,5524
23371,5524
23372,5524
23373,5524
23374,5524
23375,5524
23376,5524
23377,5524
23378,5524
23379,5524
23380,5524
23381,5524
23382,5524
23383,5524
23384,5524
23385,5524
23386,5524
23387,5524
23388,5524
23389,5524
23390,5524
23391,5524
23392,5524
23393,5524
23394,5524
23395,5524
23396,5524
23397,5524
23398,5524
23399,5524
23400,5524
23401,5524
23402,5524
23403,5524
23404,5524
23405,5524
23406,5524
23407,5524
23408,5524
23409,5524
23410,5524
23411,5524
23412,5524
23413,5524
23414,5524
23415,5524
23416,5524
23417,5524
23418,5524
23419,5524
23420,5524
23421,5524
23422,5524
23423,5524
23424,5524
23425,5524
23426,5524
23427,5524
23428,5524
23429,5524
23430,5524
23431,5524
23432,5524
23433,5524
23434,5524
23435,5525
23436,5525
23437,5526
23438,5526
23439,5526
23440,5526
23441,5526
23442,5526
23443,5526
23444,5526
23445,5526
23446,5526
23447,5526
23448,5526
23449,5526
23450,5526
23451,5526
23452,5526
23453,5526
23454,5526
23455,5526
23456,5526
23457,5526
23458,5526
23459,5526
23460,5526
23461,5526
23462,5526
23463,5526
23464,5526
23465,5526
23466,5526
23467,5526
23468,5526
23469,5526
23470,5526
23471,5526
23472,5526
23473,5526
23474,5526
23475,5526
23476,5526
23477,5526
23478,5526
23479,5526
23480,5526
23481,5526
23482,5526
23483,5526
23484,5526
23485,5526
23486,5526
23487,5526
23488,5526
23489,5526
23490,5526
23491,5526
23492,5526
23493,5526
23494,5526
23495,5526
23496,5526
23497,5526
23498,5526
23499,5527
23500,5527
23501,5527
23502,5527
23503,5527
23504,5527
23505,5527
23506,5527
23507,5527
23508,5527
23509,5527
23510,5527
23511,5527
23512,5527
23513,5527
23514,5527
23515,5527
23516,5527
23517,5527
23518,5527
23519,5527
23520,5527
23521,5527
23522,5527
23523,5527
23524,5527
23525,5527
23526,5527
23527,5527
23528,5527
23529,5527
23530,5527
23531,5527
23532,5527
23533,5527
23534,5527
23535,5527
23536,5527
23537,5527
23538,5527
23539,5527
23540,5527
23541,5527
23542,5527
23543,5527
23544,5527
23545,5527
23546,5527
23547,5527
23548,5527
23549,5527
23550,5527
23551,5527
23552,5527
23553,5527
23554,5527
23555,5527
23556,5527
23557,5527
23558,5527
23559,5527
23560,5527
23561,5527
23562,5527
23563,5527
23564,5527
23565,5527
23566,5527
23567,5527
23568,5527
23569,5527
23570,5527
23571,5527
23572,5527
23573,5527
23574,5527
23575,5527
23576,5527
23577,5527
23578,5528
23579,5528
23580,5528
23581,5528
23582,5528
23583,5528
23584,5528
23585,5528
23586,5528
23587,5528
23588,5528
23589,5528
23590,5528
23591,5528
23592,5528
23593,5528
23594,5528
23595,5528
23596,5528
23597,5528
23598,5528
23599,5528
23600,5528
23601,5528
23602,5528
23603,5528
23604,5528
23605,5528
23606,5528
23607,5528
23608,5528
23609,5528
23610,5528
23611,5528
23612,5528
23613,5528
23614,5528
23615,5528
23616,5528
23617,5528
23618,5528
23619,5528
23620,5528
23621,5528
23622,5528
23623,5528
23624,5528
23625,5528
23626,5528
23627,5528
23628,5528
23629,5528
23630,5528
23631,5528
23632,5528
23633,5528
23634,5528
23635,5528
23636,5528
23637,5528
23638,5528
23639,5528
23640,5528
23641,5528
23642,5528
23643,5528
23644,5528
23645,5528
23646,5528
23647,5528
23648,5528
23649,5528
23650,5528
23651,5528
23652,5528
23653,5528
23654,5528
23655,5528
23656,5528
23657,5528
23658,5528
23659,5528
23660,5528
23661,5528
23662,5528
23663,5528
23664,5528
23665,5528
23666,5528
23667,5528
23668,5528
23669,5528
23670,5528
23671,5528
23672,5528
23673,5528
23674,5528
23675,5529
23676,5529
23677,5529
23678,5529
23679,5529
23680,5529
23681,5529
23682,5529
23683,5529
23684,5529
23685,5530
23686,5530
23687,5530
23688,5530
23689,5530
23690,5530
23691,5530
23692,5530
23693,5530
23694,5530
23695,5531
23696,5531
23697,5531
23698,5531
23699,5531
23700,5531
23701,5531
23702,5531
23703,5531
23704,5531
23705,5531
23706,5531
23707,5531
23708,5531
23709,5531
23710,5531
23711,5531
23712,5531
23713,5531
23714,5531
23715,5531
23716,5531
23717,5531
23718,5531
23719,5531
23720,5531
23721,5531
23722,5531
23723,5531
23724,5531
23725,5531
23726,5531
23727,5531
23728,5531
23729,5531
23730,5531
23731,5531
23732,5531
23733,5531
23734,5531
23735,5531
23736,5531
23737,5531
23738,5531
23739,5531
23740,5531
23741,5531
23742,5531
23743,5531
23744,5531
23745,5531
23746,5531
23747,5531
23748,5531
23749,5531
23750,5531
23751,5531
23752,5531
23753,5531
23754,5531
23755,5531
23756,5531
23757,5531
23758,5531
23759,5531
23760,5531
23761,5531
23762,5531
23763,5531
23764,5531
23765,5531
23766,5531
23767,5531
23768,5531
23769,5531
23770,5531
23771,5531
23772,5531
23773,5531
23774,5531
23775,5531
23776,5531
23777,5531
23778,5531
23779,5531
23780,5531
23781,5531
23782,5531
23783,5531
23784,5531
23785,5531
23786,5531
23787,5531
23788,5531
23789,5531
23790,5531
23791,5531
23792,5531
23793,5531
23794,5532
23795,5532
23796,5532
23797,5532
23798,5532
23799,5532
23800,5532
23801,5532
23802,5532
23803,5532
23804,5532
23805,5532
23806,5532
23807,5532
23808,5532
23809,5532
23810,5532
23811,5532
23812,5532
23813,5532
23814,5532
23815,5532
23816,5532
23817,5532
23818,5532
23819,5532
23820,5532
23821,5532
23822,5532
23823,5532
23824,5532
23825,5532
23826,5532
23827,5532
23828,5532
23829,5532
23830,5532
23831,5532
23832,5532
23833,5532
23834,5532
23835,5532
23836,5532
23837,5532
23838,5532
23839,5532
23840,5532
23841,5532
23842,5532
23843,5532
23844,5532
23845,5532
23846,5532
23847,5532
23848,5532
23849,5532
23850,5532
23851,5532
23852,5532
23853,5532
23854,5532
23855,5532
23856,5532
23857,5532
23858,5532
23859,5532
23860,5532
23861,5532
23862,5532
23863,5532
23864,5532
23865,5532
23866,5532
23867,5532
23868,5532
23869,5532
23870,5532
23871,5532
23872,5532
23873,5532
23874,5532
23875,5532
23876,5532
23877,5532
23878,5532
23879,5532
23880,5532
23881,5532
23882,5532
23883,5533
23884,5533
23885,5533
23886,5533
23887,5533
23888,5533
23889,5533
23890,5533
23891,5533
23892,5533
23893,5533
23894,5533
23895,5533
23896,5533
23897,5533
23898,5533
23899,5533
23900,5533
23901,5533
23902,5533
23903,5533
23904,5533
23905,5533
23906,5533
23907,5533
23908,5533
23909,5533
23910,5533
23911,5533
23912,5533
23913,5533
23914,5533
23915,5533
23916,5533
23917,5533
23918,5533
23919,5533
23920,5533
23921,5533
23922,5533
23923,5533
23924,5533
23925,5533
23926,5533
23927,5533
23928,5533
23929,5533
23930,5533
23931,5533
23932,5533
23933,5533
23934,5533
23935,5533
23936,5533
23937,5533
23938,5533
23939,5533
23940,5533
23941,5533
23942,5533
23943,5533
23944,5533
23945,5533
23946,5533
23947,5533
23948,5533
23949,5533
23950,5533
23951,5533
23952,5533
23953,5533
23954,5533
23955,5533
23956,5533
23957,5533
23958,5533
23959,5533
23960,5533
23961,5533
23962,5533
23963,5533
23964,5533
23965,5533
23966,5533
23967,5533
23968,5533
23969,5533
23970,5533
23971,5533
23972,5533
23973,5533
23974,5533
23975,5533
23976,5533
23977,5533
23978,5533
23979,5533
23980,5533
23981,5533
23982,5533
23983,5534
23984,5534
23985,5534
23986,5534
23987,5534
23988,5534
23989,5534
23990,5534
23991,5534
23992,5534
23993,5534
23994,5534
23995,5534
23996,5534
23997,5534
23998,5534
23999,5534
24000,5534
24001,5534
24002,5534
24003,5534
24004,5534
24005,5534
24006,5534
24007,5534
24008,5534
24009,5534
24010,5534
24011,5534
24012,5534
24013,5534
24014,5534
24015,5534
24016,5534
24017,5534
24018,5534
24019,5534
24020,5534
24021,5534
24022,5534
24023,5534
24024,5534
24025,5534
24026,5534
24027,5534
24028,5534
24029,5534
24030,5534
24031,5534
24032,5534
24033,5534
24034,5534
24035,5534
24036,5534
24037,5534
24038,5534
24039,5534
24040,5534
24041,5534
24042,5534
24043,5534
24044,5534
24045,5534
24046,5534
24047,5534
24048,5534
24049,5534
24050,5534
24051,5534
24052,5534
24053,5534
24054,5534
24055,5534
24056,5534
24057,5534
24058,5534
24059,5534
24060,5534
24061,5534
24062,5534
24063,5534
24064,5534
24065,5534
24066,5534
24067,5534
24068,5534
24069,5534
24070,5534
24071,5534
24072,5534
24073,5534
24074,5534
24075,5534
24076,5534
24077,5534
24078,5534
24079,5534
24080,5535
24081,5535
24082,5535
24083,5535
24084,5535
24085,5535
24086,5535
24087,5535
24088,5535
24089,5535
24090,5535
24091,5535
24092,5535
24093,5535
24094,5535
24095,5535
24096,5535
24097,5535
24098,5535
24099,5535
24100,5535
24101,5535
24102,5535
24103,5535
24104,5535
24105,5535
24106,5535
24107,5535
24108,5535
24109,5535
24110,5535
24111,5535
24112,5535
24113,5535
24114,5535
24115,5535
24116,5535
24117,5535
24118,5535
24119,5535
24120,5535
24121,5535
24122,5535
24123,5535
24124,5535
24125,5535
24126,5535
24127,5535
24128,5535
24129,5535
24130,5535
24131,5535
24132,5535
24133,5535
24134,5535
24135,5535
24136,5535
24137,5535
24138,5535
24139,5535
24140,5535
24141,5535
24142,5535
24143,5535
24144,5535
24145,5536
24146,5536
24147,5536
24148,5536
24149,5536
24150,5536
24151,5536
24152,5536
24153,5536
24154,5536
24155,5536
24156,5536
24157,5536
24158,5536
24159,5536
24160,5536
24161,5536
24162,5536
24163,5536
24164,5536
24165,5536
24166,5536
24167,5536
24168,5536
24169,5536
24170,5536
24171,5536
24172,5536
24173,5536
24174,5536
24175,5536
24176,5536
24177,5536
24178,5536
24179,5536
24180,5536
24181,5536
24182,5536
24183,5536
24184,5536
24185,5536
24186,5536
24187,5536
24188,5536
24189,5536
24190,5536
24191,5536
24192,5536
24193,5536
24194,5536
24195,5536
24196,5536
24197,5536
24198,5536
24199,5536
24200,5536
24201,5536
24202,5536
24203,5536
24204,5536
24205,5536
24206,5536
24207,5536
24208,5536
24209,5536
24210,5536
24211,5536
24212,5536
24213,5536
24214,5536
24215,5536
24216,5536
24217,5536
24218,5536
24219,5536
24220,5536
24221,5536
24222,5536
24223,5536
24224,5536
24225,5536
24226,5536
24227,5536
24228,5536
24229,5536
24230,5536
24231,5536
24232,5536
24233,5536
24234,5536
24235,5536
24236,5536
24237,5536
24238,5536
24239,5536
24240,5536
24241,5536
24242,5536
24243,5536
24244,5536
24245,5537
24246,5537
24247,5537
24248,5537
24249,5537
24250,5537
24251,5537
24252,5537
24253,5538
24254,5538
24255,5538
24256,5538
24257,5538
24258,5538
24259,5538
24260,5538
24261,5538
24262,5538
24263,5538
24264,5538
24265,5538
24266,5538
24267,5538
24268,5538
24269,5538
24270,5538
24271,5538
24272,5538
24273,5538
24274,5538
24275,5538
24276,5538
24277,5538
24278,5538
24279,5538
24280,5538
24281,5538
24282,5538
24283,5538
24284,5538
24285,5538
24286,5538
24287,5538
24288,5538
24289,5538
24290,5538
24291,5538
24292,5538
24293,5538
24294,5538
24295,5538
24296,5538
24297,5538
24298,5538
24299,5538
24300,5538
24301,5538
24302,5538
24303,5538
24304,5538
24305,5538
24306,5538
24307,5538
24308,5538
24309,5538
24310,5538
24311,5538
24312,5538
24313,5538
24314,5538
24315,5538
24316,5538
24317,5538
24318,5538
24319,5538
24320,5538
24321,5538
24322,5538
24323,5538
24324,5538
24325,5538
24326,5538
24327,5538
24328,5538
24329,5538
24330,5539
24331,5539
24332,5539
24333,5539
24334,5539
24335,5539
24336,5539
24337,5539
24338,5539
24339,5539
24340,5539
24341,5539
24342,5539
24343,5539
24344,5539
24345,5539
24346,5539
24347,5539
24348,5539
24349,5539
24350,5539
24351,5539
24352,5539
24353,5539
24354,5539
24355,5539
24356,5539
24357,5539
24358,5539
24359,5539
24360,5539
24361,5539
24362,5539
24363,5539
24364,5539
24365,5539
24366,5539
24367,5539
24368,5539
24369,5539
24370,5539
24371,5539
24372,5539
24373,5539
24374,5539
24375,5539
24376,5539
24377,5539
24378,5539
24379,5539
24380,5539
24381,5539
24382,5539
24383,5539
24384,5539
24385,5539
24386,5539
24387,5539
24388,5539
24389,5539
24390,5539
24391,5539
24392,5539
24393,5539
24394,5539
24395,5539
24396,5539
24397,5539
24398,5539
24399,5539
24400,5539
24401,5539
24402,5539
24403,5539
24404,5539
24405,5539
24406,5539
24407,5539
24408,5539
24409,5539
24410,5539
24411,5539
24412,5539
24413,5539
24414,5539
24415,5539
24416,5539
24417,5539
24418,5539
24419,5539
24420,5539
24421,5539
24422,5539
24423,5539
24424,5539
24425,5539
24426,5539
24427,5539
24428,5539
24429,5539
24430,5540
24431,5540
24432,5540
24433,5540
24434,5540
24435,5540
24436,5540
24437,5540
24438,5540
24439,5540
24440,5540
24441,5540
24442,5540
24443,5540
24444,5540
24445,5540
24446,5540
24447,5540
24448,5540
24449,5540
24450,5540
24451,5540
24452,5540
24453,5540
24454,5540
24455,5540
24456,5540
24457,5540
24458,5540
24459,5540
24460,5540
24461,5540
24462,5540
24463,5540
24464,5540
24465,5540
24466,5540
24467,5540
24468,5540
24469,5540
24470,5540
24471,5540
24472,5540
24473,5540
24474,5540
24475,5540
24476,5540
24477,5540
24478,5540
24479,5540
24480,5540
24481,5540
24482,5540
24483,5540
24484,5540
24485,5540
24486,5540
24487,5540
24488,5540
24489,5540
24490,5540
24491,5540
24492,5540
24493,5540
24494,5540
24495,5540
24496,5540
24497,5540
24498,5540
24499,5540
24500,5540
24501,5541
24502,5541
24503,5541
24504,5541
24505,5541
24506,5541
24507,5541
24508,5541
24509,5541
24510,5541
24511,5541
24512,5541
24513,5541
24514,5541
24515,5541
24516,5541
24517,5541
24518,5541
24519,5541
24520,5541
24521,5541
24522,5541
24523,5541
24524,5541
24525,5541
24526,5541
24527,5541
24528,5541
24529,5541
24530,5541
24531,5541
24532,5541
24533,5541
24534,5541
24535,5541
24536,5541
24537,5541
24538,5541
24539,5541
24540,5541
24541,5541
24542,5541
24543,5541
24544,5541
24545,5541
24546,5541
24547,5541
24548,5541
24549,5541
24550,5541
24551,5541
24552,5541
24553,5541
24554,5541
24555,5541
24556,5541
24557,5541
24558,5541
24559,5541
24560,5541
24561,5541
24562,5541
24563,5541
24564,5541
24565,5541
24566,5541
24567,5541
24568,5541
24569,5541
24570,5541
24571,5541
24572,5541
24573,5541
24574,5541
24575,5541
24576,5541
24577,5541
24578,5541
24579,5541
24580,5541
24581,5541
24582,5541
24583,5541
24584,5541
24585,5541
24586,5541
24587,5541
24588,5541
24589,5541
24590,5541
24591,5541
24592,5541
24593,5541
24594,5541
24595,5541
24596,5541
24597,5541
24598,5541
24599,5541
24600,5542
24601,5542
24602,5542
24603,5542
24604,5542
24605,5542
24606,5542
24607,5542
24608,5542
24609,5542
24610,5542
24611,5542
24612,5542
24613,5542
24614,5542
24615,5542
24616,5543
24617,5543
24618,5543
24619,5543
24620,5543
24621,5543
24622,5543
24623,5543
24624,5543
24625,5543
24626,5543
24627,5543
24628,5543
24629,5544
24630,5544
24631,5544
24632,5544
24633,5544
24634,5544
24635,5544
24636,5544
24637,5544
24638,5544
24639,5544
24640,5544
24641,5544
24642,5544
24643,5544
24644,5544
24645,5544
24646,5544
24647,5544
24648,5544
24649,5544
24650,5544
24651,5544
24652,5544
24653,5544
24654,5544
24655,5544
24656,5544
24657,5544
24658,5544
24659,5544
24660,5544
24661,5544
24662,5544
24663,5544
24664,5544
24665,5544
24666,5544
24667,5544
24668,5544
24669,5544
24670,5544
24671,5544
24672,5544
24673,5544
24674,5544
24675,5544
24676,5544
24677,5544
24678,5544
24679,5544
24680,5544
24681,5544
24682,5544
24683,5544
24684,5544
24685,5544
24686,5544
24687,5544
24688,5544
24689,5544
24690,5544
24691,5544
24692,5544
24693,5544
24694,5544
24695,5544
24696,5544
24697,5544
24698,5544
24699,5544
24700,5544
24701,5544
24702,5544
24703,5544
24704,5544
24705,5544
24706,5544
24707,5544
24708,5544
24709,5544
24710,5544
24711,5544
24712,5544
24713,5544
24714,5544
24715,5544
24716,5544
24717,5544
24718,5544
24719,5544
24720,5544
24721,5544
24722,5544
24723,5545
24724,5545
24725,5545
24726,5545
24727,5545
24728,5545
24729,5545
24730,5545
24731,5545
24732,5545
24733,5545
24734,5545
24735,5545
24736,5545
24737,5545
24738,5545
24739,5545
24740,5545
24741,5545
24742,5545
24743,5545
24744,5545
24745,5545
24746,5545
24747,5545
24748,5545
24749,5545
24750,5545
24751,5545
24752,5545
24753,5545
24754,5545
24755,5545
24756,5545
24757,5545
24758,5545
24759,5545
24760,5545
24761,5545
24762,5545
24763,5545
24764,5545
24765,5545
24766,5545
24767,5545
24768,5545
24769,5545
24770,5545
24771,5545
24772,5545
24773,5545
24774,5545
24775,5545
24776,5545
24777,5545
24778,5545
24779,5545
24780,5545
24781,5545
24782,5545
24783,5545
24784,5545
24785,5545
24786,5545
24787,5545
24788,5545
24789,5545
24790,5545
24791,5545
24792,5545
24793,5545
24794,5545
24795,5545
24796,5545
24797,5545
24798,5545
24799,5545
24800,5545
24801,5545
24802,5545
24803,5545
24804,5545
24805,5545
24806,5545
24807,5545
24808,5545
24809,5545
24810,5545
24811,5545
24812,5545
24813,5545
24814,5545
24815,5545
24816,5545
24817,5545
24818,5546
24819,5546
24820,5546
24821,5546
24822,5546
24823,5546
24824,5546
24825,5546
24826,5546
24827,5546
24828,5546
24829,5546
24830,5546
24831,5546
24832,5546
24833,5546
24834,5546
24835,5546
24836,5546
24837,5546
24838,5546
24839,5546
24840,5546
24841,5546
24842,5546
24843,5546
24844,5546
24845,5546
24846,5546
24847,5546
24848,5546
24849,5546
24850,5546
24851,5546
24852,5546
24853,5546
24854,5546
24855,5546
24856,5546
24857,5546
24858,5546
24859,5546
24860,5546
24861,5546
24862,5546
24863,5546
24864,5546
24865,5546
24866,5546
24867,5546
24868,5547
24869,5547
24870,5547
24871,5547
24872,5547
24873,5547
24874,5547
24875,5547
24876,5547
24877,5547
24878,5547
24879,5547
24880,5547
24881,5547
24882,5547
24883,5547
24884,5547
24885,5547
24886,5547
24887,5547
24888,5547
24889,5547
24890,5547
24891,5547
24892,5547
24893,5547
24894,5547
24895,5547
24896,5547
24897,5547
24898,5547
24899,5547
24900,5547
24901,5547
24902,5547
24903,5547
24904,5547
24905,5547
24906,5547
24907,5547
24908,5547
24909,5547
24910,5547
24911,5547
24912,5547
24913,5547
24914,5547
24915,5547
24916,5547
24917,5547
24918,5547
24919,5547
24920,5547
24921,5547
24922,5547
24923,5547
24924,5547
24925,5547
24926,5547
24927,5547
24928,5547
24929,5547
24930,5547
24931,5547
24932,5547
24933,5547
24934,5547
24935,5547
24936,5547
24937,5547
24938,5547
24939,5547
24940,5547
24941,5547
24942,5547
24943,5547
24944,5547
24945,5547
24946,5547
24947,5547
24948,5547
24949,5547
24950,5547
24951,5547
24952,5547
24953,5547
24954,5547
24955,5547
24956,5547
24957,5547
24958,5547
24959,5547
24960,5547
24961,5547
24962,5547
24963,5547
24964,5547
24965,5547
24966,5547
24967,5547
24968,5548
24969,5548
24970,5548
24971,5548
24972,5548
24973,5548
24974,5548
24975,5548
24976,5548
24977,5548
24978,5548
24979,5548
24980,5548
24981,5548
24982,5548
24983,5549
24984,5549
24985,5549
24986,5549
24987,5549
24988,5549
24989,5549
24990,5549
24991,5549
24992,5549
24993,5549
24994,5549
24995,5549
24996,5549
24997,5549
24998,5549
24999,5549
25000,5549
25001,5549
25002,5549
25003,5549
25004,5549
25005,5549
25006,5549
25007,5549
25008,5549
25009,5549
25010,5549
25011,5549
25012,5549
25013,5549
25014,5549
25015,5549
25016,5549
25017,5549
25018,5550
25019,5550
25020,5550
25021,5550
25022,5550
25023,5550
25024,5550
25025,5550
25026,5550
25027,5550
25028,5550
25029,5550
25030,5550
25031,5550
25032,5550
25033,5550
25034,5550
25035,5550
25036,5550
25037,5550
25038,5550
25039,5550
25040,5550
25041,5550
25042,5550
25043,5550
25044,5550
25045,5550
25046,5550
25047,5550
25048,5550
25049,5550
25050,5550
25051,5550
25052,5550
25053,5550
25054,5550
25055,5550
25056,5550
25057,5550
25058,5550
25059,5550
25060,5550
25061,5550
25062,5550
25063,5550
25064,5550
25065,5550
25066,5550
25067,5550
25068,5550
25069,5550
25070,5550
25071,5550
25072,5550
25073,5550
25074,5550
25075,5550
25076,5550
25077,5550
25078,5550
25079,5550
25080,5550
25081,5550
25082,5550
25083,5550
25084,5550
25085,5550
25086,5550
25087,5550
25088,5550
25089,5550
25090,5550
25091,5550
25092,5550
25093,5550
25094,5550
25095,5550
25096,5550
25097,5550
25098,5550
25099,5550
25100,5550
25101,5550
25102,5550
25103,5550
25104,5550
25105,5550
25106,5550
25107,5550
25108,5550
25109,5550
25110,5550
25111,5550
25112,5550
25113,5550
25114,5550
25115,5550
25116,5552
25117,5552
25118,5552
25119,5552
25120,5552
25121,5552
25122,5552
25123,5552
25124,5552
25125,5552
25126,5552
25127,5552
25128,5552
25129,5552
25130,5552
25131,5552
25132,5552
25133,5552
25134,5552
25135,5552
25136,5552
25137,5552
25138,5552
25139,5552
25140,5553
25141,5553
25142,5553
25143,5553
25144,5553
25145,5553
25146,5553
25147,5553
25148,5553
25149,5553
25150,5553
25151,5553
25152,5553
25153,5553
25154,5553
25155,5553
25156,5553
25157,5553
25158,5553
25159,5553
25160,5553
25161,5553
25162,5553
25163,5553
25164,5553
25165,5553
25166,5553
25167,5553
25168,5553
25169,5553
25170,5553
25171,5553
25172,5553
25173,5553
25174,5553
25175,5553
25176,5553
25177,5553
25178,5553
25179,5553
25180,5553
25181,5553
25182,5553
25183,5553
25184,5553
25185,5553
25186,5553
25187,5553
25188,5553
25189,5553
25190,5553
25191,5553
25192,5554
25193,5554
25194,5554
25195,5554
25196,5554
25197,5554
25198,5554
25199,5554
25200,5554
25201,5554
25202,5554
25203,5554
25204,5554
25205,5554
25206,5554
25207,5554
25208,5554
25209,5554
25210,5554
25211,5554
25212,5554
25213,5554
25214,5554
25215,5554
25216,5554
25217,5554
25218,5554
25219,5554
25220,5556
25221,5556
25222,5556
25223,5556
25224,5556
25225,5556
25226,5556
25227,5556
25228,5556
25229,5556
25230,5556
25231,5556
25232,5556
25233,5556
25234,5556
25235,5556
25236,5556
25237,5556
25238,5556
25239,5556
25240,5556
25241,5556
25242,5556
25243,5556
25244,5556
25245,5556
25246,5556
25247,5556
25248,5556
25249,5556
25250,5556
25251,5556
25252,5556
25253,5556
25254,5556
25255,5556
25256,5556
25257,5556
25258,5556
25259,5556
25260,5556
25261,5556
25262,5556
25263,5556
25264,5556
25265,5556
25266,5556
25267,5556
25268,5556
25269,5556
25270,5556
25271,5556
25272,5556
25273,5556
25274,5556
25275,5556
25276,5556
25277,5556
25278,5556
25279,5556
25280,5557
25281,5557
25282,5557
25283,5557
25284,5557
25285,5557
25286,5557
25287,5557
25288,5557
25289,5557
25290,5557
25291,5557
25292,5557
25293,5557
25294,5557
25295,5557
25296,5557
25297,5557
25298,5558
25299,5558
25300,5558
25301,5558
25302,5558
25303,5558
25304,5558
25305,5558
25306,5559
25307,5559
25308,5559
25309,5559
25310,5559
25311,5559
25312,5559
25313,5559
25314,5559
25315,5559
25316,5559
25317,5559
25318,5559
25319,5559
25320,5559
25321,5559
25322,5559
25323,5559
25324,5559
25325,5559
25326,5559
25327,5559
25328,5559
25329,5559
25330,5559
25331,5559
25332,5559
25333,5559
25334,5559
25335,5559
25336,5559
25337,5559
25338,5559
25339,5559
25340,5559
25341,5559
25342,5559
25343,5559
25344,5559
25345,5559
25346,5559
25347,5559
25348,5559
25349,5559
25350,5559
25351,5559
25352,5559
25353,5559
25354,5559
25355,5559
25356,5559
25357,5559
25358,5559
25359,5559
25360,5559
25361,5559
25362,5559
25363,5559
25364,5559
25365,5559
25366,5559
25367,5559
25368,5559
25369,5559
25370,5559
25371,5559
25372,5559
25373,5559
25374,5559
25375,5559
25376,5559
25377,5559
25378,5559
25379,5559
25380,5559
25381,5559
25382,5559
25383,5559
25384,5559
25385,5559
25386,5559
25387,5559
25388,5559
25389,5559
25390,5559
25391,5559
25392,5559
25393,5559
25394,5560
25395,5560
25396,5560
25397,5560
25398,5560
25399,5560
25400,5560
25401,5560
25402,5560
25403,5560
25404,5560
25405,5560
25406,5560
25407,5560
25408,5560
25409,5560
25410,5560
25411,5560
25412,5560
25413,5560
25414,5560
25415,5560
25416,5560
25417,5560
25418,5560
25419,5560
25420,5560
25421,5560
25422,5560
25423,5560
25424,5560
25425,5560
25426,5560
25427,5560
25428,5560
25429,5560
25430,5560
25431,5560
25432,5560
25433,5560
25434,5560
25435,5560
25436,5560
25437,5560
25438,5560
25439,5560
25440,5560
25441,5560
25442,5560
25443,5560
25444,5560
25445,5560
25446,5560
25447,5560
25448,5560
25449,5560
25450,5560
25451,5560
25452,5560
25453,5560
25454,5560
25455,5560
25456,5560
25457,5560
25458,5560
25459,5560
25460,5560
25461,5560
25462,5560
25463,5560
25464,5560
25465,5560
25466,5560
25467,5560
25468,5560
25469,5560
25470,5560
25471,5560
25472,5560
25473,5560
25474,5560
25475,5560
25476,5560
25477,5560
25478,5560
25479,5560
25480,5560
25481,5560
25482,5560
25483,5560
25484,5560
25485,5560
25486,5560
25487,5560
25488,5560
25489,5560
25490,5560
25491,5560
25492,5560
25493,5560
25494,5561
25495,5561
25496,5561
25497,5561
25498,5561
25499,5561
25500,5562
25501,5562
25502,5562
25503,5562
25504,5562
25505,5562
25506,5562
25507,5562
25508,5562
25509,5562
25510,5562
25511,5562
25512,5562
25513,5562
25514,5562
25515,5562
25516,5562
25517,5562
25518,5562
25519,5562
25520,5562
25521,5562
25522,5562
25523,5562
25524,5562
25525,5562
25526,5562
25527,5562
25528,5562
25529,5562
25530,5562
25531,5562
25532,5562
25533,5562
25534,5562
25535,5562
25536,5562
25537,5562
25538,5562
25539,5562
25540,5562
25541,5562
25542,5562
25543,5562
25544,5562
25545,5562
25546,5562
25547,5562
25548,5562
25549,5562
25550,5562
25551,5562
25552,5562
25553,5562
25554,5562
25555,5562
25556,5562
25557,5562
25558,5562
25559,5562
25560,5562
25561,5562
25562,5562
25563,5562
25564,5562
25565,5562
25566,5562
25567,5562
25568,5562
25569,5562
25570,5562
25571,5562
25572,5562
25573,5562
25574,5562
25575,5562
25576,5562
25577,5562
25578,5562
25579,5562
25580,5563
25581,5563
25582,5564
25583,5564
25584,5564
25585,5564
25586,5564
25587,5564
25588,5564
25589,5564
25590,5564
25591,5564
25592,5564
25593,5564
25594,5564
25595,5564
25596,5564
25597,5564
25598,5564
25599,5564
25600,5564
25601,5564
25602,5564
25603,5564
25604,5564
25605,5564
25606,5564
25607,5564
25608,5564
25609,5564
25610,5564
25611,5564
25612,5564
25613,5564
25614,5564
25615,5564
25616,5564
25617,5564
25618,5564
25619,5564
25620,5564
25621,5564
25622,5564
25623,5564
25624,5564
25625,5564
25626,5564
25627,5564
25628,5564
25629,5564
25630,5564
25631,5564
25632,5564
25633,5564
25634,5564
25635,5564
25636,5564
25637,5564
25638,5564
25639,5564
25640,5564
25641,5564
25642,5564
25643,5564
25644,5564
25645,5564
25646,5564
25647,5564
25648,5564
25649,5564
25650,5564
25651,5564
25652,5564
25653,5564
25654,5564
25655,5564
25656,5564
25657,5564
25658,5564
25659,5564
25660,5564
25661,5564
25662,5564
25663,5564
25664,5564
25665,5564
25666,5564
25667,5564
25668,5564
25669,5564
25670,5564
25671,5564
25672,5564
25673,5565
25674,5565
25675,5565
25676,5565
25677,5565
25678,5565
25679,5565
25680,5565
25681,5565
25682,5565
25683,5565
25684,5565
25685,5565
25686,5565
25687,5565
25688,5565
25689,5565
25690,5565
25691,5565
25692,5565
25693,5565
25694,5565
25695,5565
25696,5565
25697,5565
25698,5565
25699,5565
25700,5565
25701,5565
25702,5565
25703,5565
25704,5565
25705,5565
25706,5565
25707,5566
25708,5566
25709,5566
25710,5566
25711,5566
25712,5566
25713,5566
25714,5566
25715,5566
25716,5566
25717,5566
25718,5566
25719,5566
25720,5566
25721,5566
25722,5566
25723,5566
25724,5566
25725,5566
25726,5566
25727,5566
25728,5566
25729,5566
25730,5566
25731,5566
25732,5566
25733,5566
25734,5566
25735,5566
25736,5566
25737,5566
25738,5566
25739,5566
25740,5566
25741,5566
25742,5566
25743,5566
25744,5566
25745,5566
25746,5566
25747,5566
25748,5566
25749,5566
25750,5566
25751,5566
25752,5566
25753,5566
25754,5566
25755,5566
25756,5566
25757,5566
25758,5566
25759,5566
25760,5566
25761,5566
25762,5566
25763,5566
25764,5567
25765,5567
25766,5567
25767,5567
25768,5567
25769,5567
25770,5567
25771,5567
25772,5567
25773,5567
25774,5567
25775,5567
25776,5567
25777,5567
25778,5567
25779,5567
25780,5567
25781,5567
25782,5567
25783,5567
25784,5567
25785,5567
25786,5567
25787,5567
25788,5567
25789,5567
25790,5567
25791,5567
25792,5567
25793,5567
25794,5567
25795,5567
25796,5567
25797,5567
25798,5567
25799,5567
25800,5567
25801,5567
25802,5567
25803,5567
25804,5567
25805,5567
25806,5567
25807,5567
25808,5567
25809,5567
25810,5567
25811,5567
25812,5567
25813,5567
25814,5567
25815,5567
25816,5567
25817,5567
25818,5567
25819,5567
25820,5567
25821,5567
25822,5567
25823,5567
25824,5567
25825,5567
25826,5567
25827,5567
25828,5567
25829,5567
25830,5567
25831,5567
25832,5567
25833,5567
25834,5567
25835,5567
25836,5567
25837,5567
25838,5567
25839,5567
25840,5567
25841,5567
25842,5567
25843,5567
25844,5567
25845,5567
25846,5567
25847,5567
25848,5567
25849,5567
25850,5567
25851,5567
25852,5567
25853,5567
25854,5567
25855,5567
25856,5567
25857,5567
25858,5567
25859,5567
25860,5567
25861,5567
25862,5567
25863,5567
25864,5568
25865,5568
25866,5568
25867,5568
25868,5568
25869,5568
25870,5569
25871,5569
25872,5569
25873,5569
25874,5569
25875,5569
25876,5569
25877,5569
25878,5569
25879,5569
25880,5569
25881,5569
25882,5569
25883,5569
25884,5569
25885,5569
25886,5569
25887,5569
25888,5569
25889,5569
25890,5569
25891,5569
25892,5569
25893,5569
25894,5569
25895,5569
25896,5569
25897,5569
25898,5569
25899,5569
25900,5569
25901,5569
25902,5569
25903,5569
25904,5569
25905,5569
25906,5569
25907,5569
25908,5569
25909,5569
25910,5569
25911,5569
25912,5569
25913,5569
25914,5569
25915,5569
25916,5569
25917,5569
25918,5569
25919,5569
25920,5569
25921,5569
25922,5569
25923,5569
25924,5569
25925,5569
25926,5569
25927,5569
25928,5569
25929,5569
25930,5569
25931,5569
25932,5569
25933,5569
25934,5569
25935,5569
25936,5569
25937,5569
25938,5569
25939,5569
25940,5569
25941,5569
25942,5569
25943,5569
25944,5569
25945,5569
25946,5569
25947,5569
25948,5569
25949,5569
25950,5569
25951,5569
25952,5569
25953,5569
25954,5569
25955,5569
25956,5569
25957,5569
25958,5569
25959,5569
25960,5569
25961,5569
25962,5569
25963,5569
25964,5569
25965,5569
25966,5569
25967,5569
25968,5569
25969,5569
25970,5570
25971,5570
25972,5570
25973,5570
25974,5570
25975,5570
25976,5570
25977,5570
25978,5570
25979,5570
25980,5570
25981,5570
25982,5570
25983,5570
25984,5570
25985,5570
25986,5570
25987,5570
25988,5570
25989,5570
25990,5570
25991,5570
25992,5570
25993,5570
25994,5570
25995,5570
25996,5570
25997,5570
25998,5570
25999,5570
26000,5570
26001,5570
26002,5570
26003,5570
26004,5570
26005,5570
26006,5570
26007,5570
26008,5570
26009,5570
26010,5570
26011,5570
26012,5570
26013,5570
26014,5570
26015,5570
26016,5570
26017,5570
26018,5570
26019,5570
26020,5570
26021,5570
26022,5570
26023,5570
26024,5570
26025,5570
26026,5570
26027,5570
26028,5570
26029,5570
26030,5570
26031,5570
26032,5570
26033,5570
26034,5570
26035,5570
26036,5570
26037,5570
26038,5570
26039,5570
26040,5570
26041,5570
26042,5570
26043,5570
26044,5570
26045,5570
26046,5570
26047,5570
26048,5570
26049,5570
26050,5570
26051,5570
26052,5570
26053,5570
26054,5570
26055,5570
26056,5570
26057,5570
26058,5570
26059,5570
26060,5570
26061,5570
26062,5570
26063,5570
26064,5570
26065,5570
26066,5570
26067,5570
26068,5570
26069,5570
26070,5571
26071,5571
26072,5571
26073,5571
26074,5571
26075,5571
26076,5571
26077,5571
26078,5571
26079,5571
26080,5571
26081,5571
26082,5571
26083,5571
26084,5571
26085,5571
26086,5571
26087,5571
26088,5571
26089,5571
26090,5571
26091,5571
26092,5571
26093,5571
26094,5571
26095,5571
26096,5571
26097,5571
26098,5571
26099,5571
26100,5571
26101,5571
26102,5571
26103,5571
26104,5571
26105,5571
26106,5571
26107,5571
26108,5571
26109,5571
26110,5571
26111,5571
26112,5571
26113,5571
26114,5571
26115,5571
26116,5571
26117,5571
26118,5571
26119,5571
26120,5571
26121,5571
26122,5571
26123,5571
26124,5571
26125,5571
26126,5571
26127,5571
26128,5571
26129,5571
26130,5571
26131,5571
26132,5571
26133,5571
26134,5571
26135,5571
26136,5571
26137,5571
26138,5571
26139,5571
26140,5571
26141,5571
26142,5571
26143,5571
26144,5571
26145,5571
26146,5571
26147,5571
26148,5571
26149,5571
26150,5571
26151,5571
26152,5571
26153,5571
26154,5571
26155,5571
26156,5571
26157,5571
26158,5571
26159,5571
26160,5571
26161,5571
26162,5571
26163,5571
26164,5571
26165,5571
26166,5571
26167,5572
26168,5572
26169,5572
26170,5572
26171,5572
26172,5572
26173,5572
26174,5572
26175,5572
26176,5572
26177,5572
26178,5572
26179,5572
26180,5572
26181,5572
26182,5572
26183,5572
26184,5572
26185,5572
26186,5572
26187,5572
26188,5572
26189,5572
26190,5572
26191,5572
26192,5572
26193,5572
26194,5572
26195,5572
26196,5572
26197,5572
26198,5572
26199,5572
26200,5572
26201,5572
26202,5572
26203,5572
26204,5572
26205,5572
26206,5572
26207,5572
26208,5572
26209,5572
26210,5572
26211,5572
26212,5572
26213,5572
26214,5572
26215,5572
26216,5572
26217,5572
26218,5572
26219,5572
26220,5572
26221,5572
26222,5572
26223,5572
26224,5572
26225,5572
26226,5572
26227,5572
26228,5572
26229,5572
26230,5572
26231,5572
26232,5572
26233,5572
26234,5572
26235,5572
26236,5572
26237,5573
26238,5573
26239,5573
26240,5573
26241,5573
26242,5573
26243,5573
26244,5573
26245,5573
26246,5573
26247,5573
26248,5573
26249,5573
26250,5573
26251,5573
26252,5573
26253,5573
26254,5573
26255,5573
26256,5573
26257,5573
26258,5573
26259,5573
26260,5573
26261,5573
26262,5573
26263,5573
26264,5573
26265,5573
26266,5573
26267,5573
26268,5573
26269,5573
26270,5573
26271,5573
26272,5573
26273,5573
26274,5573
26275,5573
26276,5573
26277,5573
26278,5573
26279,5573
26280,5573
26281,5573
26282,5573
26283,5573
26284,5573
26285,5573
26286,5573
26287,5573
26288,5573
26289,5573
26290,5573
26291,5573
26292,5573
26293,5573
26294,5573
26295,5573
26296,5573
26297,5573
26298,5573
26299,5573
26300,5573
26301,5573
26302,5573
26303,5573
26304,5573
26305,5573
26306,5573
26307,5573
26308,5573
26309,5573
26310,5573
26311,5573
26312,5573
26313,5573
26314,5573
26315,5573
26316,5573
26317,5573
26318,5573
26319,5573
26320,5573
26321,5573
26322,5573
26323,5573
26324,5573
26325,5573
26326,5573
26327,5573
26328,5573
26329,5573
26330,5573
26331,5573
26332,5573
26333,5573
26334,5573
26335,5573
26336,5573
26337,5574
26338,5574
26339,5574
26340,5574
26341,5574
26342,5574
26343,5574
26344,5574
26345,5574
26346,5574
26347,5574
26348,5574
26349,5574
26350,5574
26351,5574
26352,5574
26353,5574
26354,5574
26355,5574
26356,5574
26357,5574
26358,5574
26359,5574
26360,5574
26361,5574
26362,5574
26363,5574
26364,5574
26365,5574
26366,5574
26367,5574
26368,5574
26369,5574
26370,5574
26371,5574
26372,5574
26373,5574
26374,5574
26375,5574
26376,5574
26377,5574
26378,5574
26379,5574
26380,5574
26381,5574
26382,5574
26383,5574
26384,5574
26385,5574
26386,5574
26387,5574
26388,5574
26389,5574
26390,5574
26391,5574
26392,5574
26393,5574
26394,5574
26395,5574
26396,5574
26397,5574
26398,5574
26399,5574
26400,5574
26401,5574
26402,5574
26403,5574
26404,5574
26405,5574
26406,5574
26407,5574
26408,5574
26409,5574
26410,5574
26411,5574
26412,5574
26413,5574
26414,5574
26415,5574
26416,5574
26417,5574
26418,5574
26419,5574
26420,5574
26421,5574
26422,5574
26423,5574
26424,5574
26425,5574
26426,5574
26427,5574
26428,5574
26429,5574
26430,5574
26431,5574
26432,5574
26433,5574
26434,5574
26435,5574
26436,5574
26437,5575
26438,5575
26439,5575
26440,5575
26441,5575
26442,5575
26443,5575
26444,5575
26445,5575
26446,5575
26447,5575
26448,5575
26449,5575
26450,5575
26451,5575
26452,5575
26453,5575
26454,5575
26455,5575
26456,5575
26457,5575
26458,5575
26459,5575
26460,5575
26461,5575
26462,5575
26463,5575
26464,5575
26465,5575
26466,5575
26467,5575
26468,5575
26469,5575
26470,5575
26471,5575
26472,5575
26473,5575
26474,5575
26475,5575
26476,5575
26477,5575
26478,5575
26479,5575
26480,5575
26481,5575
26482,5575
26483,5575
26484,5575
26485,5575
26486,5575
26487,5575
26488,5575
26489,5575
26490,5575
26491,5575
26492,5575
26493,5575
26494,5575
26495,5575
26496,5575
26497,5575
26498,5575
26499,5575
26500,5575
26501,5575
26502,5575
26503,5575
26504,5575
26505,5575
26506,5575
26507,5575
26508,5575
26509,5575
26510,5575
26511,5575
26512,5575
26513,5575
26514,5575
26515,5575
26516,5575
26517,5575
26518,5575
26519,5575
26520,5575
26521,5575
26522,5575
26523,5575
26524,5575
26525,5575
26526,5575
26527,5575
26528,5575
26529,5575
26530,5575
26531,5575
26532,5575
26533,5575
26534,5575
26535,5575
26536,5575
26537,5576
26538,5576
26539,5576
26540,5576
26541,5576
26542,5576
26543,5576
26544,5576
26545,5576
26546,5576
26547,5576
26548,5576
26549,5576
26550,5576
26551,5576
26552,5576
26553,5576
26554,5576
26555,5576
26556,5576
26557,5576
26558,5576
26559,5576
26560,5576
26561,5576
26562,5576
26563,5576
26564,5576
26565,5576
26566,5576
26567,5576
26568,5576
26569,5576
26570,5576
26571,5576
26572,5576
26573,5576
26574,5576
26575,5576
26576,5576
26577,5576
26578,5576
26579,5576
26580,5576
26581,5576
26582,5576
26583,5576
26584,5576
26585,5576
26586,5576
26587,5576
26588,5577
26589,5577
26590,5577
26591,5577
26592,5577
26593,5577
26594,5577
26595,5577
26596,5577
26597,5577
26598,5577
26599,5577
26600,5577
26601,5577
26602,5577
26603,5577
26604,5577
26605,5577
26606,5577
26607,5577
26608,5577
26609,5577
26610,5577
26611,5577
26612,5577
26613,5577
26614,5577
26615,5577
26616,5577
26617,5577
26618,5577
26619,5577
26620,5577
26621,5577
26622,5577
26623,5577
26624,5577
26625,5577
26626,5577
26627,5577
26628,5577
26629,5577
26630,5577
26631,5577
26632,5577
26633,5577
26634,5577
26635,5577
26636,5577
26637,5577
26638,5577
26639,5577
26640,5577
26641,5577
26642,5577
26643,5577
26644,5577
26645,5577
26646,5577
26647,5577
26648,5577
26649,5577
26650,5577
26651,5577
26652,5577
26653,5577
26654,5577
26655,5577
26656,5577
26657,5577
26658,5577
26659,5577
26660,5577
26661,5577
26662,5577
26663,5577
26664,5577
26665,5577
26666,5577
26667,5577
26668,5577
26669,5577
26670,5577
26671,5577
26672,5577
26673,5577
26674,5577
26675,5577
26676,5577
26677,5577
26678,5577
26679,5577
26680,5577
26681,5577
26682,5577
26683,5577
26684,5577
26685,5577
26686,5577
26687,5578
26688,5578
26689,5578
26690,5578
26691,5578
26692,5578
26693,5578
26694,5578
26695,5578
26696,5578
26697,5578
26698,5578
26699,5578
26700,5578
26701,5578
26702,5578
26703,5578
26704,5578
26705,5578
26706,5578
26707,5578
26708,5578
26709,5578
26710,5578
26711,5578
26712,5578
26713,5578
26714,5578
26715,5578
26716,5578
26717,5578
26718,5578
26719,5578
26720,5578
26721,5578
26722,5578
26723,5578
26724,5578
26725,5578
26726,5578
26727,5578
26728,5578
26729,5578
26730,5578
26731,5578
26732,5578
26733,5578
26734,5578
26735,5578
26736,5578
26737,5578
26738,5578
26739,5578
26740,5578
26741,5578
26742,5578
26743,5578
26744,5578
26745,5578
26746,5578
26747,5578
26748,5578
26749,5578
26750,5578
26751,5578
26752,5578
26753,5578
26754,5578
26755,5578
26756,5578
26757,5578
26758,5578
26759,5578
26760,5578
26761,5578
26762,5578
26763,5578
26764,5578
26765,5578
26766,5578
26767,5578
26768,5578
26769,5578
26770,5578
26771,5578
26772,5578
26773,5578
26774,5578
26775,5578
26776,5578
26777,5578
26778,5578
26779,5578
26780,5578
26781,5578
26782,5578
26783,5578
26784,5578
26785,5578
26786,5579
26787,5579
26788,5579
26789,5579
26790,5579
26791,5579
26792,5579
26793,5579
26794,5579
26795,5579
26796,5579
26797,5579
26798,5579
26799,5579
26800,5579
26801,5579
26802,5579
26803,5579
26804,5579
26805,5579
26806,5579
26807,5579
26808,5579
26809,5579
26810,5580
26811,5580
26812,5580
26813,5580
26814,5580
26815,5580
26816,5580
26817,5580
26818,5580
26819,5580
26820,5580
26821,5580
26822,5580
26823,5580
26824,5580
26825,5580
26826,5580
26827,5580
26828,5580
26829,5580
26830,5580
26831,5580
26832,5580
26833,5580
26834,5580
26835,5580
26836,5580
26837,5580
26838,5580
26839,5580
26840,5580
26841,5580
26842,5580
26843,5580
26844,5580
26845,5580
26846,5580
26847,5580
26848,5580
26849,5580
26850,5580
26851,5580
26852,5580
26853,5580
26854,5580
26855,5580
26856,5580
26857,5580
26858,5580
26859,5580
26860,5580
26861,5580
26862,5580
26863,5580
26864,5580
26865,5580
26866,5580
26867,5580
26868,5580
26869,5580
26870,5580
26871,5580
26872,5580
26873,5580
26874,5580
26875,5580
26876,5580
26877,5580
26878,5580
26879,5580
26880,5580
26881,5580
26882,5580
26883,5580
26884,5580
26885,5580
26886,5580
26887,5580
26888,5580
26889,5580
26890,5580
26891,5580
26892,5580
26893,5580
26894,5580
26895,5580
26896,5580
26897,5580
26898,5580
26899,5580
26900,5580
26901,5580
26902,5580
26903,5580
26904,5580
26905,5580
26906,5580
26907,5580
26908,5580
26909,5580
26910,5581
26911,5581
26912,5581
26913,5581
26914,5581
26915,5581
26916,5581
26917,5581
26918,5581
26919,5581
26920,5581
26921,5581
26922,5581
26923,5581
26924,5581
26925,5581
26926,5581
26927,5581
26928,5581
26929,5581
26930,5581
26931,5581
26932,5581
26933,5581
26934,5581
26935,5581
26936,5581
26937,5581
26938,5581
26939,5581
26940,5581
26941,5581
26942,5581
26943,5581
26944,5581
26945,5581
26946,5581
26947,5581
26948,5581
26949,5581
26950,5581
26951,5581
26952,5581
26953,5581
26954,5581
26955,5581
26956,5581
26957,5581
26958,5581
26959,5581
26960,5581
26961,5581
26962,5581
26963,5581
26964,5581
26965,5581
26966,5581
26967,5581
26968,5581
26969,5581
26970,5581
26971,5581
26972,5581
26973,5581
26974,5581
26975,5581
26976,5582
26977,5583
26978,5583
26979,5583
26980,5583
26981,5583
26982,5583
26983,5583
26984,5583
26985,5583
26986,5583
26987,5583
26988,5583
26989,5583
26990,5583
26991,5583
26992,5583
26993,5583
26994,5583
26995,5583
26996,5583
26997,5583
26998,5583
26999,5583
27000,5583
27001,5583
27002,5583
27003,5583
27004,5583
27005,5583
27006,5583
27007,5583
27008,5583
27009,5583
27010,5583
27011,5583
27012,5583
27013,5583
27014,5583
27015,5583
27016,5583
27017,5583
27018,5583
27019,5583
27020,5583
27021,5583
27022,5583
27023,5583
27024,5583
27025,5583
27026,5583
27027,5583
27028,5583
27029,5583
27030,5583
27031,5583
27032,5583
27033,5583
27034,5583
27035,5583
27036,5583
27037,5583
27038,5583
27039,5583
27040,5583
27041,5583
27042,5583
27043,5583
27044,5583
27045,5583
27046,5583
27047,5583
27048,5583
27049,5583
27050,5583
27051,5583
27052,5583
27053,5583
27054,5583
27055,5583
27056,5583
27057,5583
27058,5583
27059,5583
27060,5583
27061,5583
27062,5583
27063,5583
27064,5583
27065,5583
27066,5583
27067,5583
27068,5583
27069,5583
27070,5583
27071,5583
27072,5584
27073,5584
27074,5584
27075,5584
27076,5584
27077,5584
27078,5584
27079,5584
27080,5584
27081,5584
27082,5584
27083,5584
27084,5584
27085,5584
27086,5584
27087,5584
27088,5584
27089,5584
27090,5584
27091,5584
27092,5584
27093,5584
27094,5584
27095,5584
27096,5584
27097,5584
27098,5584
27099,5584
27100,5584
27101,5584
27102,5584
27103,5584
27104,5584
27105,5584
27106,5584
27107,5584
27108,5584
27109,5584
27110,5584
27111,5584
27112,5585
27113,5585
27114,5585
27115,5585
27116,5585
27117,5585
27118,5585
27119,5585
27120,5585
27121,5585
27122,5585
27123,5585
27124,5585
27125,5585
27126,5585
27127,5585
27128,5585
27129,5585
27130,5585
27131,5585
27132,5585
27133,5585
27134,5585
27135,5585
27136,5585
27137,5585
27138,5585
27139,5585
27140,5585
27141,5585
27142,5585
27143,5585
27144,5585
27145,5585
27146,5585
27147,5585
27148,5585
27149,5585
27150,5585
27151,5585
27152,5585
27153,5585
27154,5585
27155,5585
27156,5585
27157,5585
27158,5585
27159,5585
27160,5585
27161,5585
27162,5585
27163,5585
27164,5585
27165,5585
27166,5585
27167,5585
27168,5585
27169,5585
27170,5585
27171,5585
27172,5585
27173,5585
27174,5585
27175,5585
27176,5585
27177,5585
27178,5585
27179,5585
27180,5585
27181,5585
27182,5585
27183,5585
27184,5585
27185,5585
27186,5585
27187,5585
27188,5585
27189,5585
27190,5585
27191,5585
27192,5585
27193,5585
27194,5585
27195,5585
27196,5585
27197,5585
27198,5585
27199,5585
27200,5585
27201,5585
27202,5585
27203,5585
27204,5585
27205,5585
27206,5585
27207,5585
27208,5585
27209,5586
27210,5586
27211,5586
27212,5586
27213,5586
27214,5586
27215,5586
27216,5586
27217,5586
27218,5586
27219,5586
27220,5586
27221,5586
27222,5586
27223,5586
27224,5586
27225,5586
27226,5586
27227,5586
27228,5586
27229,5586
27230,5586
27231,5586
27232,5586
27233,5586
27234,5586
27235,5586
27236,5586
27237,5586
27238,5586
27239,5586
27240,5586
27241,5586
27242,5586
27243,5586
27244,5586
27245,5586
27246,5586
27247,5586
27248,5586
27249,5586
27250,5586
27251,5586
27252,5586
27253,5586
27254,5586
27255,5586
27256,5586
27257,5586
27258,5586
27259,5586
27260,5586
27261,5586
27262,5586
27263,5586
27264,5586
27265,5586
27266,5586
27267,5586
27268,5586
27269,5586
27270,5586
27271,5586
27272,5586
27273,5586
27274,5586
27275,5586
27276,5586
27277,5586
27278,5586
27279,5586
27280,5586
27281,5586
27282,5586
27283,5586
27284,5586
27285,5586
27286,5586
27287,5586
27288,5586
27289,5586
27290,5586
27291,5586
27292,5586
27293,5586
27294,5586
27295,5586
27296,5586
27297,5586
27298,5586
27299,5586
27300,5586
27301,5586
27302,5586
27303,5586
27304,5586
27305,5586
27306,5587
27307,5587
27308,5587
27309,5587
27310,5587
27311,5587
27312,5587
27313,5587
27314,5587
27315,5587
27316,5587
27317,5587
27318,5587
27319,5587
27320,5587
27321,5587
27322,5587
27323,5587
27324,5587
27325,5587
27326,5587
27327,5587
27328,5587
27329,5587
27330,5587
27331,5587
27332,5587
27333,5587
27334,5587
27335,5587
27336,5587
27337,5587
27338,5587
27339,5587
27340,5587
27341,5587
27342,5587
27343,5587
27344,5587
27345,5587
27346,5587
27347,5587
27348,5587
27349,5587
27350,5587
27351,5587
27352,5587
27353,5587
27354,5587
27355,5587
27356,5587
27357,5587
27358,5587
27359,5587
27360,5587
27361,5587
27362,5587
27363,5587
27364,5587
27365,5587
27366,5587
27367,5587
27368,5587
27369,5587
27370,5587
27371,5587
27372,5587
27373,5587
27374,5587
27375,5587
27376,5587
27377,5587
27378,5587
27379,5587
27380,5587
27381,5587
27382,5587
27383,5587
27384,5587
27385,5587
27386,5587
27387,5587
27388,5587
27389,5587
27390,5587
27391,5587
27392,5587
27393,5587
27394,5587
27395,5587
27396,5587
27397,5587
27398,5587
27399,5587
27400,5587
27401,5587
27402,5587
27403,5587
27404,5587
27405,5587
27406,5588
27407,5588
27408,5588
27409,5588
27410,5588
27411,5588
27412,5588
27413,5588
27414,5588
27415,5588
27416,5588
27417,5588
27418,5588
27419,5588
27420,5588
27421,5588
27422,5588
27423,5588
27424,5588
27425,5588
27426,5588
27427,5588
27428,5588
27429,5588
27430,5588
27431,5588
27432,5588
27433,5588
27434,5588
27435,5588
27436,5588
27437,5588
27438,5588
27439,5588
27440,5588
27441,5588
27442,5588
27443,5588
27444,5588
27445,5588
27446,5588
27447,5588
27448,5588
27449,5588
27450,5588
27451,5588
27452,5588
27453,5588
27454,5588
27455,5588
27456,5588
27457,5588
27458,5588
27459,5588
27460,5588
27461,5588
27462,5588
27463,5588
27464,5588
27465,5588
27466,5588
27467,5588
27468,5588
27469,5588
27470,5588
27471,5588
27472,5588
27473,5588
27474,5588
27475,5588
27476,5588
27477,5588
27478,5588
27479,5588
27480,5588
27481,5588
27482,5588
27483,5588
27484,5588
27485,5588
27486,5588
27487,5588
27488,5588
27489,5588
27490,5588
27491,5588
27492,5588
27493,5588
27494,5588
27495,5588
27496,5588
27497,5588
27498,5588
27499,5588
27500,5588
27501,5588
27502,5588
27503,5588
27504,5588
27505,5588
27506,5589
27507,5589
27508,5589
27509,5589
27510,5589
27511,5589
27512,5589
27513,5589
27514,5589
27515,5589
27516,5589
27517,5589
27518,5589
27519,5589
27520,5589
27521,5589
27522,5589
27523,5589
27524,5589
27525,5589
27526,5589
27527,5589
27528,5589
27529,5589
27530,5589
27531,5589
27532,5589
27533,5589
27534,5589
27535,5589
27536,5589
27537,5589
27538,5589
27539,5589
27540,5589
27541,5589
27542,5589
27543,5589
27544,5589
27545,5589
27546,5589
27547,5589
27548,5589
27549,5589
27550,5589
27551,5589
27552,5589
27553,5589
27554,5589
27555,5589
27556,5589
27557,5589
27558,5589
27559,5589
27560,5589
27561,5589
27562,5589
27563,5589
27564,5589
27565,5589
27566,5589
27567,5589
27568,5589
27569,5589
27570,5589
27571,5589
27572,5589
27573,5589
27574,5589
27575,5589
27576,5589
27577,5589
27578,5589
27579,5589
27580,5589
27581,5589
27582,5589
27583,5589
27584,5589
27585,5589
27586,5589
27587,5589
27588,5589
27589,5589
27590,5589
27591,5589
27592,5589
27593,5589
27594,5589
27595,5589
27596,5589
27597,5589
27598,5589
27599,5589
27600,5589
27601,5589
27602,5589
27603,5589
27604,5589
27605,5589
27606,5590
27607,5590
27608,5590
27609,5590
27610,5590
27611,5590
27612,5590
27613,5590
27614,5590
27615,5590
27616,5590
27617,5590
27618,5590
27619,5590
27620,5590
27621,5590
27622,5590
27623,5590
27624,5590
27625,5590
27626,5590
27627,5590
27628,5590
27629,5590
27630,5590
27631,5590
27632,5590
27633,5590
27634,5590
27635,5590
27636,5590
27637,5590
27638,5590
27639,5590
27640,5590
27641,5590
27642,5590
27643,5590
27644,5590
27645,5590
27646,5590
27647,5590
27648,5590
27649,5590
27650,5590
27651,5590
27652,5590
27653,5590
27654,5590
27655,5590
27656,5590
27657,5590
27658,5590
27659,5590
27660,5590
27661,5590
27662,5590
27663,5590
27664,5590
27665,5590
27666,5590
27667,5590
27668,5590
27669,5590
27670,5590
27671,5590
27672,5590
27673,5590
27674,5590
27675,5590
27676,5590
27677,5590
27678,5590
27679,5590
27680,5590
27681,5590
27682,5590
27683,5590
27684,5590
27685,5590
27686,5590
27687,5590
27688,5590
27689,5590
27690,5590
27691,5590
27692,5590
27693,5590
27694,5590
27695,5590
27696,5590
27697,5590
27698,5590
27699,5590
27700,5590
27701,5590
27702,5590
27703,5590
27704,5590
27705,5590
27706,5591
27707,5591
27708,5591
27709,5591
27710,5591
27711,5591
27712,5591
27713,5591
27714,5591
27715,5591
27716,5591
27717,5591
27718,5591
27719,5591
27720,5591
27721,5591
27722,5591
27723,5591
27724,5591
27725,5591
27726,5591
27727,5591
27728,5591
27729,5591
27730,5591
27731,5591
27732,5591
27733,5591
27734,5591
27735,5592
27736,5592
27737,5592
27738,5592
27739,5592
27740,5592
27741,5592
27742,5592
27743,5592
27744,5592
27745,5592
27746,5592
27747,5592
27748,5592
27749,5592
27750,5592
27751,5592
27752,5592
27753,5592
27754,5592
27755,5592
27756,5592
27757,5592
27758,5592
27759,5592
27760,5592
27761,5592
27762,5592
27763,5592
27764,5592
27765,5592
27766,5592
27767,5592
27768,5592
27769,5592
27770,5592
27771,5592
27772,5592
27773,5592
27774,5592
27775,5592
27776,5592
27777,5592
27778,5592
27779,5592
27780,5592
27781,5592
27782,5592
27783,5592
27784,5592
27785,5592
27786,5592
27787,5592
27788,5592
27789,5592
27790,5592
27791,5592
27792,5592
27793,5592
27794,5592
27795,5592
27796,5592
27797,5592
27798,5592
27799,5592
27800,5592
27801,5592
27802,5592
27803,5592
27804,5592
27805,5592
27806,5592
27807,5592
27808,5592
27809,5592
27810,5592
27811,5592
27812,5592
27813,5592
27814,5592
27815,5592
27816,5592
27817,5592
27818,5592
27819,5592
27820,5592
27821,5592
27822,5592
27823,5592
27824,5592
27825,5592
27826,5592
27827,5592
27828,5592
27829,5592
27830,5592
27831,5592
27832,5592
27833,5592
27834,5592
27835,5593
27836,5593
27837,5593
27838,5593
27839,5593
27840,5593
27841,5593
27842,5593
27843,5593
27844,5593
27845,5593
27846,5593
27847,5593
27848,5593
27849,5593
27850,5593
27851,5593
27852,5593
27853,5593
27854,5593
27855,5593
27856,5593
27857,5593
27858,5593
27859,5593
27860,5593
27861,5593
27862,5593
27863,5593
27864,5593
27865,5593
27866,5593
27867,5593
27868,5593
27869,5593
27870,5593
27871,5593
27872,5593
27873,5593
27874,5593
27875,5593
27876,5593
27877,5593
27878,5593
27879,5593
27880,5593
27881,5593
27882,5593
27883,5593
27884,5593
27885,5593
27886,5593
27887,5593
27888,5593
27889,5593
27890,5593
27891,5593
27892,5593
27893,5593
27894,5593
27895,5593
27896,5593
27897,5593
27898,5593
27899,5593
27900,5593
27901,5593
27902,5593
27903,5593
27904,5593
27905,5593
27906,5593
27907,5593
27908,5593
27909,5593
27910,5593
27911,5593
27912,5593
27913,5593
27914,5593
27915,5593
27916,5593
27917,5593
27918,5593
27919,5593
27920,5593
27921,5593
27922,5593
27923,5593
27924,5593
27925,5593
27926,5593
27927,5593
27928,5593
27929,5593
27930,5593
27931,5593
27932,5594
27933,5594
27934,5594
27935,5594
27936,5594
27937,5594
27938,5594
27939,5594
27940,5594
27941,5594
27942,5594
27943,5594
27944,5594
27945,5594
27946,5594
27947,5594
27948,5594
27949,5594
27950,5594
27951,5594
27952,5594
27953,5594
27954,5594
27955,5594
27956,5594
27957,5594
27958,5594
27959,5594
27960,5594
27961,5594
27962,5594
27963,5594
27964,5594
27965,5594
27966,5594
27967,5594
27968,5594
27969,5594
27970,5594
27971,5594
27972,5594
27973,5594
27974,5594
27975,5594
27976,5594
27977,5594
27978,5594
27979,5594
27980,5594
27981,5594
27982,5594
27983,5594
27984,5594
27985,5594
27986,5594
27987,5594
27988,5594
27989,5594
27990,5594
27991,5594
27992,5594
27993,5594
27994,5594
27995,5594
27996,5594
27997,5594
27998,5594
27999,5594
28000,5594
28001,5594
28002,5594
28003,5594
28004,5594
28005,5594
28006,5594
28007,5594
28008,5594
28009,5595
28010,5595
28011,5595
28012,5595
28013,5595
28014,5595
28015,5595
28016,5595
28017,5595
28018,5595
28019,5595
28020,5595
28021,5595
28022,5595
28023,5595
28024,5595
28025,5595
28026,5595
28027,5595
28028,5595
28029,5595
28030,5595
28031,5595
28032,5595
28033,5595
28034,5595
28035,5595
28036,5595
28037,5595
28038,5595
28039,5595
28040,5595
28041,5595
28042,5595
28043,5595
28044,5595
28045,5595
28046,5595
28047,5595
28048,5595
28049,5595
28050,5595
28051,5595
28052,5595
28053,5595
28054,5595
28055,5595
28056,5595
28057,5595
28058,5595
28059,5595
28060,5595
28061,5595
28062,5595
28063,5595
28064,5595
28065,5595
28066,5595
28067,5595
28068,5595
28069,5595
28070,5595
28071,5595
28072,5595
28073,5595
28074,5595
28075,5595
28076,5595
28077,5595
28078,5595
28079,5595
28080,5595
28081,5595
28082,5595
28083,5595
28084,5595
28085,5595
28086,5595
28087,5595
28088,5595
28089,5595
28090,5595
28091,5595
28092,5595
28093,5595
28094,5595
28095,5595
28096,5595
28097,5595
28098,5595
28099,5595
28100,5595
28101,5595
28102,5595
28103,5595
28104,5595
28105,5595
28106,5595
28107,5595
28108,5595
28109,5596
28110,5596
28111,5596
28112,5596
28113,5596
28114,5596
28115,5596
28116,5596
28117,5596
28118,5596
28119,5596
28120,5596
28121,5596
28122,5596
28123,5596
28124,5596
28125,5596
28126,5596
28127,5596
28128,5596
28129,5596
28130,5596
28131,5596
28132,5596
28133,5596
28134,5596
28135,5596
28136,5596
28137,5596
28138,5596
28139,5596
28140,5596
28141,5596
28142,5596
28143,5596
28144,5596
28145,5596
28146,5596
28147,5596
28148,5596
28149,5596
28150,5596
28151,5596
28152,5596
28153,5596
28154,5596
28155,5596
28156,5596
28157,5596
28158,5596
28159,5596
28160,5596
28161,5596
28162,5596
28163,5596
28164,5596
28165,5596
28166,5596
28167,5596
28168,5596
28169,5596
28170,5596
28171,5596
28172,5596
28173,5596
28174,5596
28175,5596
28176,5596
28177,5596
28178,5596
28179,5596
28180,5596
28181,5596
28182,5596
28183,5596
28184,5596
28185,5596
28186,5596
28187,5596
28188,5596
28189,5596
28190,5596
28191,5596
28192,5596
28193,5597
28194,5597
28195,5597
28196,5597
28197,5597
28198,5597
28199,5597
28200,5597
28201,5597
28202,5597
28203,5597
28204,5597
28205,5597
28206,5597
28207,5597
28208,5597
28209,5597
28210,5597
28211,5597
28212,5597
28213,5597
28214,5597
28215,5597
28216,5597
28217,5597
28218,5597
28219,5597
28220,5597
28221,5597
28222,5597
28223,5597
28224,5597
28225,5597
28226,5597
28227,5597
28228,5597
28229,5597
28230,5597
28231,5597
28232,5597
28233,5597
28234,5597
28235,5597
28236,5597
28237,5597
28238,5597
28239,5597
28240,5597
28241,5597
28242,5597
28243,5597
28244,5597
28245,5597
28246,5597
28247,5597
28248,5597
28249,5597
28250,5597
28251,5597
28252,5597
28253,5597
28254,5597
28255,5597
28256,5597
28257,5597
28258,5597
28259,5597
28260,5597
28261,5597
28262,5597
28263,5597
28264,5597
28265,5597
28266,5597
28267,5597
28268,5597
28269,5597
28270,5597
28271,5597
28272,5597
28273,5597
28274,5597
28275,5597
28276,5597
28277,5597
28278,5597
28279,5597
28280,5597
28281,5597
28282,5597
28283,5597
28284,5597
28285,5597
28286,5597
28287,5597
28288,5597
28289,5597
28290,5597
28291,5597
28292,5597
28293,5598
28294,5598
28295,5598
28296,5598
28297,5598
28298,5598
28299,5598
28300,5598
28301,5598
28302,5598
28303,5598
28304,5598
28305,5598
28306,5598
28307,5598
28308,5598
28309,5598
28310,5598
28311,5598
28312,5598
28313,5598
28314,5598
28315,5598
28316,5598
28317,5598
28318,5598
28319,5598
28320,5598
28321,5598
28322,5598
28323,5598
28324,5598
28325,5598
28326,5598
28327,5598
28328,5598
28329,5598
28330,5598
28331,5598
28332,5598
28333,5598
28334,5598
28335,5598
28336,5598
28337,5598
28338,5598
28339,5598
28340,5598
28341,5598
28342,5598
28343,5598
28344,5598
28345,5598
28346,5598
28347,5598
28348,5598
28349,5598
28350,5598
28351,5598
28352,5598
28353,5598
28354,5598
28355,5598
28356,5598
28357,5598
28358,5598
28359,5598
28360,5598
28361,5598
28362,5598
28363,5598
28364,5598
28365,5598
28366,5598
28367,5598
28368,5598
28369,5598
28370,5598
28371,5598
28372,5598
28373,5598
28374,5598
28375,5598
28376,5598
28377,5598
28378,5598
28379,5598
28380,5598
28381,5598
28382,5598
28383,5598
28384,5599
28385,5599
28386,5599
28387,5599
28388,5599
28389,5599
28390,5599
28391,5599
28392,5599
28393,5599
28394,5599
28395,5599
28396,5599
28397,5599
28398,5599
28399,5599
28400,5599
28401,5599
28402,5599
28403,5599
28404,5599
28405,5599
28406,5599
28407,5599
28408,5599
28409,5599
28410,5599
28411,5599
28412,5599
28413,5599
28414,5599
28415,5599
28416,5599
28417,5599
28418,5599
28419,5599
28420,5599
28421,5599
28422,5599
28423,5599
28424,5599
28425,5599
28426,5599
28427,5599
28428,5599
28429,5599
28430,5599
28431,5599
28432,5599
28433,5599
28434,5599
28435,5599
28436,5599
28437,5599
28438,5599
28439,5599
28440,5599
28441,5599
28442,5599
28443,5599
28444,5599
28445,5599
28446,5599
28447,5599
28448,5599
28449,5599
28450,5599
28451,5599
28452,5599
28453,5599
28454,5599
28455,5599
28456,5599
28457,5599
28458,5599
28459,5599
28460,5599
28461,5599
28462,5599
28463,5599
28464,5599
28465,5599
28466,5599
28467,5599
28468,5599
28469,5599
28470,5599
28471,5599
28472,5599
28473,5599
28474,5599
28475,5599
28476,5599
28477,5599
28478,5599
28479,5599
28480,5599
28481,5599
28482,5599
28483,5600
28484,5600
28485,5600
28486,5600
28487,5600
28488,5600
28489,5600
28490,5600
28491,5600
28492,5600
28493,5600
28494,5600
28495,5600
28496,5600
28497,5600
28498,5600
28499,5600
28500,5600
28501,5600
28502,5600
28503,5600
28504,5600
28505,5600
28506,5600
28507,5600
28508,5600
28509,5600
28510,5600
28511,5600
28512,5600
28513,5600
28514,5600
28515,5600
28516,5600
28517,5600
28518,5600
28519,5600
28520,5600
28521,5600
28522,5600
28523,5600
28524,5600
28525,5600
28526,5600
28527,5600
28528,5600
28529,5600
28530,5600
28531,5600
28532,5600
28533,5600
28534,5600
28535,5600
28536,5600
28537,5600
28538,5600
28539,5600
28540,5600
28541,5600
28542,5600
28543,5600
28544,5600
28545,5600
28546,5600
28547,5600
28548,5600
28549,5600
28550,5600
28551,5600
28552,5600
28553,5600
28554,5600
28555,5600
28556,5600
28557,5600
28558,5600
28559,5600
28560,5600
28561,5600
28562,5600
28563,5600
28564,5600
28565,5600
28566,5600
28567,5600
28568,5600
28569,5600
28570,5600
28571,5600
28572,5600
28573,5600
28574,5600
28575,5600
28576,5600
